"","mesorregiao","log_emp_mulher","crimes_patrim","crimes_contra_pessoa","escolarid_trab","pib_per_capta","empregos_formais","infra_agua","infra_esgoto","infra_internet","infra_energia","st_agro","st_ind","st_serv","trafico","contrav_penais","eq_orc_mun","rec_proprios","ideb_quinto_ano","ideb_nono_ano","crimes_sex","remun_mediana","sebrae","msau39","mppm01","mppm11","mppm13","mppm20","mppm23"
"1","centro goiano",2.69236503546884,2.65,4.69,7.66,0.93,3.08,6.4,2.98,4.44,7.99,0.04,0.04,0.02,8.18,7.35,4.02,3.96,6.1,4.6,4.01,1.7,"Não","Sim","Não","Não","Não","Não","Não"
"2","Sul goiano",2.41339707019346,5.76,5.86,5.14,1.46,1.87,4.97,2.52,2.99,4.33,1.8,0.07,0.07,3.79,6.44,3.97,3.46,6.2,5.4,6.67,2.66,"Sim","Sim","Sim","Não","Não","Não","Não"
"3","leste goiano",1.8833842877146,4.3,6.57,8.07,0.07,0.64,5.72,0.18,2.91,4.75,0.02,0.2,0.26,8.07,8.81,3.71,3.25,5.6,4.4,7.16,1.02,"Sim","Sim","Sim","Não","Sim","Não","Sim"
"4","leste goiano",2.35183111326247,4.88,7.39,8.16,3.23,2.75,5.3,0,2.37,4.42,0.38,0.22,0.31,7.66,8.49,3,3.54,5.5,4.9,5.6,1.48,"Sim","Sim","Não","Não","Sim","Não","Não"
"5","norte goiano",2.51651198920333,7.36,6.96,7.77,4.42,4.54,6.34,0,1.34,4.22,0.08,0.36,0.03,7.41,7.43,4.03,1.63,6.6,5.3,9.15,2.91,"Sim","Sim","Não","Não","Não","Não","Não"
"6","centro goiano",2.06244396531126,8.56,8.59,6.26,0.44,0.87,6.94,0,2.23,4.93,0.24,0.01,0.01,10,8.04,4.63,0.29,5.7,5.8,8.37,0.46,"Sim","Sim","Não","Não","Não","Não","Não"
"7","centro goiano",2.47300900587296,4.88,7.02,8.16,1.98,3.54,6.22,4.41,5.61,5.53,0.42,5.7,2.07,8.3,3.86,3.12,5.83,6.3,5.4,7.49,2.6,"Sim","Sim","Sim","Não","Sim","Sim","Sim"
"8","centro goiano",2.28496349164423,8.02,8.35,3.62,0.81,1.82,5.64,3.07,2.29,3.79,0.75,0.13,0.04,9.18,8.28,2.88,2.88,7.4,5.9,8.42,1.34,"Sim","Sim","Sim","Não","Sim","Não","Sim"
"9","centro goiano",2.15244881759609,3.62,7.3,6.52,1.07,2.77,3.45,2.07,7.07,4.77,0.08,3.79,2.13,7.85,8.65,4.35,4.73,5.6,4.6,8.22,2.12,"Sim","Sim","Sim","Não","Sim","Não","Sim"
"10","noroeste goiano",2.12653314921369,3.91,7.32,7.56,0.24,0.69,6.8,0,3.08,4.77,0.07,0.02,0.04,2.66,7.48,4.1,0.89,6.2,4.7,9.51,1.74,"Sim","Sim","Não","Não","Não","Não","Não"
"11","centro goiano",2.29939608011111,4.19,5.25,5.22,0.2,1.16,4.95,0,1.49,5.99,0.08,0.02,0.01,7.86,8.28,3.47,3.99,5.3,4.2,6.98,1.24,"Sim","Sim","Não","Não","Não","Não","Sim"
"12","centro goiano",2.31623998970399,5.03,5.94,5.92,1.52,2.69,5.43,3.83,4.75,5.13,1.12,0.32,0.09,7.58,5.98,3.93,3.61,5.8,5.2,6.21,2.13,"Sim","Sim","Não","Não","Não","Não","Não"
"13","Sul goiano",2.34164018839273,6.84,7.52,3.05,1.77,1.72,5.49,7.65,4.04,4.51,2.4,0.07,0.09,8.75,6.55,2.33,4.32,6.3,5.2,7.34,2.2,"Sim","Sim","Não","Não","Não","Não","Sim"
"14","centro goiano",2.20226488267018,5.5,6.05,5.22,0.04,0.87,7.24,0,2.68,5.26,0.05,0.01,0.01,9.01,7.71,3.58,2.14,5.7,5.3,9.46,1.24,"Sim","Sim","Não","Não","Não","Não","Não"
"15","Sul goiano",2.50181764017186,7.91,7.43,4.41,3.28,3.39,5.25,6.66,3.82,3.72,0.87,0.7,0.05,8.44,6.26,3.41,4.17,6.2,5.5,8.39,3.15,"Sim","Sim","Não","Não","Não","Não","Não"
"16","Sul goiano",2.83683099096814,4.51,6.82,5.35,1.36,3.89,4.23,3.31,5.29,9.71,1.05,0.66,0.4,6.09,7.53,3.32,5.21,5.9,5.2,6.93,1.88,"Sim","Sim","Não","Não","Não","Não","Sim"
"17","Sul goiano",2.68795996954751,6.88,7.18,2.76,3.44,2.9,5.23,0,2.35,3.5,1.85,0.03,0.03,5.82,5.17,3.29,4.56,6.1,4.9,6.56,2.84,"Sim","Sim","Não","Não","Não","Não","Sim"
"18","norte goiano",2.44219553169495,7.14,6.93,7.72,0.36,1.45,6.93,6.17,3.51,4.16,0.12,0.02,0.04,4.88,7.02,3.4,3.51,5.3,4.7,8.52,1.19,"Sim","Sim","Não","Não","Não","Não","Não"
"19","norte goiano",2.89647731545865,9.39,4.72,8.08,0.32,1.72,9.08,0,2.99,6.89,0.07,0,0,10,7.46,3.46,1.1,5.7,5.6,8.6,0.59,"Sim","Sim","Não","Não","Não","Não","Não"
"20","Sul goiano",2.65789456938942,4.73,6.75,8.53,3.63,3.27,4.82,3.45,7.07,5.46,2.84,2.78,0.73,6.64,7.39,3.95,4.3,6.6,5.3,8.9,3.03,"Sim","Sim","Sim","Não","Não","Não","Sim"
"21","centro goiano",2.59351567940166,6.89,7.47,8.75,1.08,3.09,7.67,7.18,6.05,5.39,0.09,0.1,0.1,7.04,4.28,3.43,2.67,6.8,5.6,6.25,1.9,"Sim","Sim","Sim","Não","Sim","Não","Não"
"22","leste goiano",2.2615444776707,5.33,5.41,7.43,0.23,0.73,8.12,3.26,4.47,5.56,0.12,0.19,0.1,8.97,7.95,4.92,3.55,5,4.5,7.06,1.8,"Sim","Sim","Sim","Não","Não","Não","Sim"
"23","leste goiano",2.31545354012877,5.16,6.46,3.21,2.47,3.22,3.38,1.61,4.17,2.53,6.91,0.43,0.25,9.03,6.84,4.18,3.36,5.7,5,6.89,2.62,"Sim","Sim","Não","Não","Não","Não","Não"
"24","noroeste goiano",2.1364627979519,8.39,8.61,4.18,0.58,1.25,1.87,0.03,0.53,2.31,0.36,0,0.01,9.15,8.59,3.55,1.65,5.5,5.5,7.19,1.31,"Sim","Sim","Não","Não","Não","Não","Não"
"25","leste goiano",2.31947221256266,3.18,5.52,7.12,0.78,1.93,5.46,5.28,4.25,4.17,0.99,0.39,0.38,8.04,7.11,4.19,3.93,5.2,4.2,6.99,1.74,"Sim","Sim","Não","Não","Não","Sim","Sim"
"26","Sul goiano",2.30942662481076,7.02,5.68,5.45,0.9,1.32,7.09,0,7.24,4.52,0.15,0.04,0.01,7.88,6.15,10,2.32,6.5,5.3,6.51,1.74,"Sim","Sim","Não","Não","Não","Não","Não"
"27","centro goiano",2.40366478019672,5.57,4.96,5.61,0.79,2.92,4.94,6.28,4.82,4.69,0.94,0.36,0.19,6.9,7.11,4.63,5.23,7.1,5.8,6.66,1.9,"Sim","Sim","Não","Não","Sim","Não","Sim"
"28","centro goiano",2.39284807134896,0.63,6.34,8.88,1.75,5.68,6.55,6.33,10,5.75,0.28,10,10,8.2,5.22,2.15,10,5.9,5.3,8.4,3.03,"Sim","Sim","Sim","Sim","Sim","Sim","Sim"
"29","noroeste goiano",2.29749390842959,5.58,6.58,5.28,0.67,2.03,7.14,4.41,5.76,4.68,0.69,0.04,0.06,6.68,5.41,4.05,1.17,6.5,5.7,7.78,1.92,"Sim","Não","Sim","Sim","Sim","Não","Sim"
"30","Sul goiano",2.48695392833772,6.84,7.16,3.12,2.52,3.86,6.52,3.91,4.76,5.05,3.17,0.38,0.19,5.49,6.14,2.68,3.57,5.9,5.1,8.58,3.61,"Sim","Sim","Não","Não","Não","Não","Sim"
"31","centro goiano",2.180644047189,8.98,8.19,3.96,0.47,1.2,5.74,0.01,4.27,4.11,0.15,0,0,10,7.97,4.16,0,6.6,5.1,10,0.59,"Sim","Sim","Não","Não","Não","Não","Não"
"32","Sul goiano",2.29159047949295,7.07,6.28,6.4,1.03,2.46,6.33,0,2.62,4.32,0.6,0.08,0.04,0,5.67,4.02,4.1,6.1,4.7,7.1,2.45,"Sim","Sim","Não","Não","Não","Não","Não"
"33","centro goiano",2.39295819021126,6.3,7.77,3.96,0.81,2.66,6.32,5.85,5.26,5.11,1.04,0.26,0.15,7.44,8.61,3.39,3.73,6.3,5.5,9.16,1.54,"Sim","Sim","Não","Não","Não","Não","Sim"
"34","Sul goiano",2.4505165721982,6.49,6.54,2.52,2.61,2.52,6.79,0,6.29,3.93,2.85,0.51,0.1,6.21,6.14,3.69,3.67,6.3,5.2,8.35,2.27,"Sim","Sim","Não","Não","Não","Não","Não"
"35","centro goiano",2.57251026357489,6.71,7.43,7.6,0.75,1.97,8.59,3.53,5.13,5.97,0.38,0.1,0.11,6.22,5.44,3.11,3.77,6.9,5.7,8.18,2.16,"Sim","Sim","Não","Não","Não","Não","Sim"
"36","centro goiano",2.42136630946842,5.79,7.02,3.95,1.34,3.13,5.56,4.23,2.69,4.68,1.14,0.35,0.15,7.51,1.08,3.72,3.24,6.9,5.2,8.56,1.25,"Sim","Sim","Sim","Não","Não","Não","Não"
"37","Sul goiano",2.67705157920253,5.59,6.25,5.64,2.34,3.85,6.27,8.01,8.94,5.29,2.5,1.91,0.6,5.55,6.18,2.41,4.01,7,5.8,6.99,2.52,"Sim","Sim","Não","Não","Sim","Não","Sim"
"38","Sul goiano",2.26287764339893,8.08,8.26,2.86,2.4,3.84,5.75,0,2.63,3.94,0.72,0.1,0.02,7.15,5.93,3.55,3.05,6.6,5.3,6.88,3.6,"Sim","Sim","Não","Não","Não","Não","Não"
"39","centro goiano",2.33540234439584,6.31,7.5,3.22,0.42,1.47,5.62,1.97,2.53,4.06,0.59,0.11,0.1,7.71,8.49,3.16,3.57,6.6,5.5,7.66,1.75,"Sim","Sim","Sim","Não","Não","Não","Não"
"40","Sul goiano",2.49903547728141,5.69,6.93,3.66,2.42,2.94,6.57,6.22,7.48,5.03,7.49,1.2,0.55,6.08,7.09,3.68,4.69,5.8,5.5,8.6,3.03,"Sim","Sim","Não","Não","Sim","Não","Sim"
"41","noroeste goiano",2.72344107281281,7.22,6.2,6.54,1.05,2.37,6,6.25,5.53,4.76,0.93,0.03,0.06,7.84,7.4,3.1,4.55,6.5,5.6,7.97,1.78,"Sim","Sim","Não","Não","Não","Não","Não"
"42","leste goiano",2.19216437355213,4.26,6.43,7.09,0.71,1.33,3.83,1.11,3.92,2.21,2.56,1.37,0.44,7.82,7.61,4.72,4.23,5.7,5.2,7.37,1.97,"Sim","Sim","Não","Não","Sim","Não","Sim"
"43","norte goiano",2.11471199954388,6.47,6.75,8.97,1.75,1.14,5.73,3.85,3.43,4.05,0.29,0.89,0.07,9.13,7.96,3.88,3.61,6.2,5,9.05,2.09,"Sim","Sim","Sim","Não","Sim","Não","Sim"
"44","Sul goiano",2.52087996037403,4.69,6.36,3.26,2.07,3.88,4.21,5.52,5.27,5.16,3.69,0.71,0.3,6.47,6.26,3.71,4.96,6.5,5.7,8.12,2.98,"Sim","Sim","Não","Não","Não","Não","Sim"
"45","Sul goiano",2.39750206474309,6.29,6.45,4.17,1.43,2.95,7.46,6.14,4.21,5.13,2.04,0.36,0.16,3.76,7.92,3.2,4.82,6.6,5.1,7.63,2.3,"Sim","Sim","Sim","Não","Sim","Não","Sim"
"46","norte goiano",2.10831120267625,6.84,7.74,6.25,0.92,1.45,4.42,2.48,1.43,3.61,0.92,0.41,0.1,8.96,7.75,2.81,2.24,5.8,5.2,7.65,2.11,"Sim","Sim","Não","Não","Sim","Não","Sim"
"47","centro goiano",1.90742935454474,8.63,7.76,4.61,0.54,2.47,5.12,0,1,3.39,0.08,0,0,10,7.1,4.1,0.57,5.8,6,7.94,0.85,"Sim","Sim","Não","Não","Não","Não","Não"
"48","noroeste goiano",1.91902482027393,8.38,7.68,4.33,0.67,1.48,4.56,0,1.04,3.14,0.24,0,0,7.96,5.96,3.83,1.68,4.9,4.9,5.53,1.74,"Sim","Sim","Sim","Não","Não","Não","Sim"
"49","Sul goiano",2.10934148737551,7.53,6.7,4.7,1.7,2.12,6.48,0,4.38,4.42,0.25,0.01,0.01,9.19,7.06,3.95,2.57,7,4.9,6,1.8,"Sim","Sim","Não","Não","Não","Não","Não"
"50","Sul goiano",2.17853244432407,7.79,6.84,2.16,9.05,7.78,4.92,0,1.96,3.37,1.39,0.22,0.02,8.1,7.18,3.87,1.1,6.6,6.2,8.44,4.73,"Sim","Não","Não","Não","Não","Não","Não"
"51","Sul goiano",2.33733280607668,5.44,6.78,3.09,1.59,1.76,6.23,7.06,3.08,4.17,2.24,0.1,0.08,6.56,8.32,2.95,4.98,6.2,5,8.05,2.24,"Sim","Sim","Não","Não","Não","Não","Não"
"52","noroeste goiano",2.31427041326491,6.77,4.42,2.76,1.73,1.68,7.26,0,5,4.97,0.6,0.09,0.05,7.85,3.7,3.46,3.99,6.2,5,7.35,2.27,"Sim","Sim","Não","Não","Não","Não","Não"
"53","leste goiano",2.45840960657911,5.04,4.63,7.21,0.47,2.14,5.93,0,4.53,3.84,0.51,0.03,0.05,7.35,3.73,0,1.96,5.6,4.9,6.44,1.52,"Sim","Sim","Não","Não","Não","Não","Sim"
"54","Sul goiano",2.44011073179092,4.81,6.85,4.66,1.28,3.17,7.66,3,6.87,5.15,0.56,0.24,0.13,7.32,6.59,4.68,3.02,5.8,5.1,7.8,1.29,"Sim","Sim","Sim","Não","Não","Não","Não"
"55","Sul goiano",2.46702907868059,7.69,6.41,2.7,1.24,2.06,6.63,7.45,2.07,4.77,1.21,0.07,0.05,8.51,7.98,4.52,1.21,6,5.6,8.91,1.23,"Sim","Sim","Não","Não","Não","Não","Não"
"56","norte goiano",2.27275086362793,5.67,5.35,7.58,0.8,2.04,5.96,0,3.96,4.24,0.79,0.16,0.14,6.98,6.12,3.5,4.03,5.5,5.1,7.62,1.38,"Sim","Sim","Sim","Não","Não","Não","Sim"
"57","Sul goiano",2.64146861138326,6.79,7.55,1.49,3.86,2.24,7.5,0,4.41,4.72,1.17,0.02,0.01,8.41,5.55,6.2,1.89,6.1,4.7,8.7,2.63,"Sim","Sim","Não","Não","Não","Não","Não"
"58","leste goiano",2.22671826358762,8.08,7.11,8.17,0.4,1.39,4.92,5.03,1.54,3.34,0.23,0.06,0.08,8.66,8.39,5.27,3.38,6.5,5.6,7.24,1.25,"Sim","Sim","Sim","Não","Não","Não","Não"
"59","Sul goiano",2.2142573337864,5.17,6.84,4.66,1.82,3.35,5.57,7.47,5.47,4.77,2.24,0.7,0.19,7.17,6.83,3.16,5.79,6.7,5.7,8.89,3.6,"Sim","Sim","Não","Não","Não","Não","Não"
"60","Sul goiano",2.44454717657301,3.58,5.3,5.68,2.26,3.67,5.11,3.9,6.05,4.21,10,2.65,1.24,7.58,7.21,3.7,4.58,7.1,5.5,7.64,2.96,"Sim","Sim","Sim","Sim","Sim","Não","Sim"
"61","centro goiano",2.38828986737241,7,6.9,4.83,0.94,2.64,6.51,7.46,3.04,4.83,0.38,0.16,0.05,6.72,4.75,3.71,2.95,7.2,6,8.29,2.81,"Sim","Sim","Não","Não","Não","Não","Não"
"62","Sul goiano",2.0496670129786,5.75,6.05,3.94,1.94,2.31,3.59,0,1.24,1.18,0.56,0.01,0,10,7.11,3.89,1.52,5.5,5.2,10,1.12,"Sim","Sim","Não","Não","Não","Não","Não"
"63","Sul goiano",2.53778736062838,6.22,7.28,4.13,1.37,2.34,6.5,7.94,5.36,4.88,1.84,0.28,0.13,6.85,5.77,3.82,3.75,6.1,5.1,7.85,1.96,"Sim","Sim","Sim","Não","Sim","Não","Sim"
"64","Sul goiano",2.32260931918547,7.84,8.34,2.65,0.78,1,7.01,0,2.27,4.3,0.3,0.01,0.02,7.45,5.44,4.05,1.3,6,5.7,9.4,2.89,"Sim","Sim","Não","Não","Não","Não","Não"
"65","centro goiano",2.01319215613864,8.66,7.07,4.54,0.6,1.43,6.72,0,2.01,5.21,0.1,0,0,10,7.4,3.97,2.13,6.9,5.5,10,1.24,"Sim","Sim","Não","Não","Não","Não","Não"
"66","centro goiano",3.56037740989442,8.23,7.94,7.16,1.06,4.9,7.01,0,3.88,6.11,0.09,0.08,0.01,8.96,9.15,3.07,4.28,6.3,5.2,9.15,2.32,"Sim","Sim","Não","Não","Não","Não","Não"
"67","leste goiano",1.83600337427687,6.02,6.15,7.92,0.06,1,4.01,3.38,3.2,3.53,0.11,0.06,0.08,8.17,8.58,3.83,1.92,4.6,4.2,7.34,1.49,"Sim","Sim","Não","Não","Sim","Não","Sim"
"68","centro goiano",2.45744861590721,7.67,7.91,7.92,1.16,2.35,7.5,6.53,3.96,5.28,0.32,0.32,0.12,7.21,4.51,3.05,4.8,6.4,5.3,8.82,1.74,"Sim","Sim","Não","Não","Sim","Não","Não"
"69","Sul goiano",2.38621237199943,6.49,7.78,3.2,1.74,2.21,5.41,0,4.01,3.35,0.6,0.01,0.01,9.26,8.78,4.08,2.67,4.7,4.8,5.15,0.95,"Sim","Não","Não","Não","Não","Não","Não"
"70","Sul goiano",2.31572523495368,6.66,6.27,5.08,8.12,2.32,5.1,6.07,7.64,4.48,0.18,3.09,0.06,7.72,6.25,3.93,1.27,6.4,5.2,7.26,2.54,"Sim","Sim","Não","Não","Não","Não","Não"
"71","Sul goiano",2.38555524403517,6.95,8.05,4.53,1.63,2.22,5.24,5.67,3.24,3.7,1.82,0.05,0.08,7.09,7.6,3.2,5.27,6.1,5.5,8.09,1.8,"Sim","Sim","Sim","Não","Sim","Não","Sim"
"72","Sul goiano",2.92330638758325,3.37,5.33,4.85,0.54,2.1,10,0,2.38,9.8,0.05,0,0,7.95,4.59,4.39,1.47,6.5,5.4,8.32,1.74,"Sim","Sim","Não","Não","Não","Não","Não"
"73","centro goiano",2.22078632430905,4.67,6.75,6.36,0.62,1.57,6.63,4.18,5.29,5.56,0.33,0.8,0.27,8.08,8.33,3.89,4.49,5.8,5.2,7.61,1.91,"Sim","Sim","Sim","Não","Sim","Não","Sim"
"74","centro goiano",2.40897494482099,7.36,3.79,6.21,0.76,1.28,6.55,0,3.11,4.44,0.32,0.01,0.01,9.38,7.16,4.22,0.84,6.3,5.6,1.91,0.94,"Sim","Sim","Não","Não","Não","Não","Não"
"75","norte goiano",2.54027345883437,4.52,7.78,8.19,0.8,1.99,6.66,4.64,3.86,5.23,0.49,0.13,0.14,6.73,6.91,2.94,3.64,6.4,5.2,7.92,1.78,"Sim","Sim","Não","Não","Sim","Não","Sim"
"76","leste goiano",2.36919817753858,3.71,5.9,8.86,0.51,1.25,6.4,2.58,5.16,5.43,0,0.44,0.44,8.37,7.3,4.25,5.14,5.2,4.4,6.98,2.08,"Sim","Sim","Sim","Não","Sim","Sim","Sim"
"77","Sul goiano",2.48673453437371,4.61,6.93,2.72,1.42,2.18,5.53,0,3.41,3.96,1.01,0.04,0.05,7.6,5.76,3.04,3.78,6.4,5.4,8.21,2.09,"Sim","Sim","Sim","Não","Não","Não","Não"
"78","leste goiano",1.71523596911838,6.93,5.18,2.28,2.13,2.29,1.66,0,0,0.92,1.05,0.02,0.01,0,7.75,0,0.66,7,5.4,5.69,1.64,"Sim","Sim","Não","Não","Não","Não","Não"
"79","leste goiano",1.94986059412822,6.33,7.14,9.21,0.58,1.59,2.9,3.75,1.32,2.06,0.33,0.02,0.05,7.29,8.16,3.93,2.81,5.2,5.2,6.6,1.53,"Não","Sim","Sim","Não","Não","Não","Sim"
"80","centro goiano",2.04988273943829,8.68,7.74,3.73,0.35,1.87,7.13,0.01,1.76,4.65,0.06,0,0,10,8.47,4.5,0.18,4.7,4.9,6.19,1.48,"Não","Sim","Não","Não","Não","Não","Não"
"81","leste goiano",1.7658578317054,9.01,8.19,5.88,3,2.2,3.82,0,0.59,1.74,1.44,0.02,0.01,10,8.42,3.94,0.99,5.3,5.5,8.26,2.35,"Não","Sim","Sim","Sim","Não","Não","Sim"
"82","Sul goiano",1.83122369028785,8.28,8.16,1.92,1.03,2.93,6.72,0,1.91,5.24,0.12,0,0,8.49,9.5,3.85,0.17,5.9,6.1,7.52,0.55,"Não","Sim","Não","Não","Não","Não","Não"
"83","Sul goiano",2.2452842391567,7.82,6.38,4.15,0.79,1.49,8.08,0,1.44,5.73,0.08,0,0,8.56,8.58,4.21,1.46,6.9,5.6,10,1.32,"Não","Não","Não","Não","Não","Não","Não"
"84","norte goiano",3.41627868787938,0,0,7.01,0.99,2.45,7.32,0,6.72,3.96,0.37,0.01,0.02,3.26,3.98,4.64,3.26,4.9,4.5,3.48,1.32,"Não","Sim","Não","Não","Não","Não","Não"
"85","leste goiano",2.49107171049921,6.84,4.96,7.62,0.4,1.49,6.57,0.22,2.63,4.09,0.12,0.01,0.02,7.24,5.8,3.56,1.92,5.5,5.1,7.74,1.27,"Não","Sim","Não","Não","Não","Não","Não"
"86","norte goiano",1.59601489210196,9.17,8.32,4.66,0.44,0.86,1.92,0,1.35,1.16,0.19,0,0,10,8.95,4.46,0.26,6,5,10,1.74,"Não","Sim","Não","Não","Não","Não","Não"
"87","centro goiano",2.00592284473468,8.22,7.17,4.59,0.59,1.2,7.21,0,0.82,3.81,0.18,0,0,9.13,6.27,3.69,0.75,6.9,5.3,10,1.8,"Não","Sim","Não","Não","Não","Não","Não"
"88","Sul goiano",2.2197490874149,7.61,8.49,5.52,0.48,2.03,9.42,0,6.59,6.38,0.01,0,0,10,6.51,3.35,2.06,0,0,5.65,2.79,"Não","Sim","Não","Não","Não","Não","Não"
"89","Sul goiano",2.55309984110439,7.75,6.73,4.16,1.55,4.24,8.7,10,2.27,4.92,0.26,0,0,6.46,7.66,3.26,2.71,5.6,4.7,10,1.34,"Não","Sim","Não","Não","Não","Não","Não"
"90","Sul goiano",3.34403896782221,7.74,6.78,0.04,4.69,3.71,6.43,0,1.06,3.68,0.85,0.19,0.01,6.4,3.59,4.6,3,7.1,5.7,8.82,3.6,"Não","Sim","Não","Não","Não","Não","Não"
"91","centro goiano",2.37887968958701,9.13,8.25,5.02,0.45,1.57,8.03,0,3.42,5.91,0.11,0.01,0,7.62,8.95,3.44,2,6.9,5.3,8.69,0.76,"Não","Sim","Sim","Não","Não","Não","Sim"
"92","noroeste goiano",2.12375504903132,7.97,5.66,4.87,0.51,1.26,5.12,4.19,1.79,3.82,0.31,0.01,0.01,9.24,7.63,4.14,0.99,5.7,4.8,4.41,1.74,"Não","Sim","Não","Não","Não","Não","Não"
"93","noroeste goiano",2.27719585898923,7.72,6.67,4.48,1.65,2.65,6.98,0,3.64,4.51,0.38,0.01,0,10,3.08,4.29,2.72,5.8,5.4,6.72,2.12,"Não","Sim","Não","Não","Não","Não","Não"
"94","noroeste goiano",2.38835555509301,5.73,3.53,3.37,0.76,1.51,7.27,3.13,3.09,6.26,0.44,0.01,0.02,7.05,1.46,4.51,4.19,7.4,5.2,5.69,2.61,"Não","Sim","Não","Não","Não","Não","Não"
"95","centro goiano",2.11801381646608,8.11,5.71,4.1,0.61,1.36,7.68,0,3.79,5.2,0.14,0,0,10,5.15,4.13,1.24,6.4,5.5,1.47,1.7,"Não","Sim","Não","Não","Não","Não","Não"
"96","centro goiano",2.33682811641626,8.13,7.87,2.2,0.78,2.03,7.61,0.01,3.1,4.96,0.15,0,0,7.62,6.86,4.35,0.34,6.8,5.6,4.13,0.39,"Não","Sim","Não","Não","Não","Não","Não"
"97","noroeste goiano",1.32318543279191,8.48,8.44,3.89,0.59,0.44,1.44,0,0,0.7,0.3,0,0,9.36,8.31,3.49,2.52,0,0,7.89,2.09,"Não","Sim","Não","Não","Não","Não","Não"
"98","centro goiano",2.28496349164423,6.55,6.5,8.37,4.98,4.18,5.3,0,1.73,2.99,0.31,0.72,0.05,7.42,8.49,3.36,9.1,6.4,5.3,6.7,3.65,"Não","Sim","Não","Não","Não","Não","Não"
"99","noroeste goiano",2.15065601919021,6.56,7.42,6.61,0.62,0.9,5.78,0,2.48,4.17,0.41,0.01,0.01,8.66,5.7,3.32,2.66,6.2,5.3,8.35,1.74,"Não","Sim","Não","Não","Não","Não","Não"
"100","norte goiano",1.97015326590984,9.52,8.47,2.52,1.06,1.81,1.68,0,1.04,1.19,0.41,0,0,9.28,8.33,4.77,1.74,5.8,4.4,10,2.95,"Não","Sim","Não","Não","Não","Não","Não"
"101","centro goiano",2.47500983923242,7.01,6.77,7.18,1.73,1.81,8.68,0,4.33,4.68,0.08,0.08,0.01,6.69,7.82,4.11,1.07,5.5,5,7.28,1.68,"Não","Sim","Não","Não","Não","Não","Não"
"102","noroeste goiano",2.34578117714898,6.47,7.21,1.86,0.74,1.95,6.7,6.83,3.39,5.07,0.3,0.01,0.01,8.98,7.47,3.97,0.28,5.9,5.6,7.48,2.12,"Não","Sim","Não","Não","Sim","Não","Não"
"103","Sul goiano",2.48824555105351,7.06,6.68,3.21,1.71,3.4,9.27,1.47,4.75,7.11,0.74,0.08,0.03,5.32,5.57,3.57,2.88,6.6,6,8.97,2.12,"Não","Sim","Não","Não","Não","Não","Sim"
"104","centro goiano",2.16756025090316,9.12,8.5,5.94,0.48,2.34,9.32,0,1.69,4.87,0.06,0,0,10,7.34,3.72,1.64,6.7,6.1,8.11,0.05,"Não","Sim","Não","Não","Não","Não","Não"
"105","leste goiano",1.54921905244105,8.12,6.58,8.24,1.23,0.88,4.25,0,0.4,2.91,0.03,0.08,0,10,7.69,3.4,1.91,0,5,2.8,2.23,"Não","Sim","Não","Não","Não","Não","Não"
"106","leste goiano",2.09091270713076,5.93,7.1,5.02,1.91,1.48,5.44,0,2.19,3.58,1.24,0.03,0.02,8.12,7.77,4.53,2.07,5,4.4,10,1.74,"Não","Sim","Não","Não","Não","Não","Não"
"107","Sul goiano",2.29135427771005,7.79,7.33,4.39,1.01,2.48,5.3,0,1.69,3.81,0.51,0.06,0.03,2.54,5.9,3.93,1.75,5.5,5.2,9.18,2.68,"Não","Sim","Não","Não","Sim","Não","Não"
"108","centro goiano",2.0383464137322,8.2,6.24,4.04,0.72,2.51,4.52,0.06,2.56,5.46,0.06,0,0,7.9,6.54,3.95,1.82,6.8,5.6,6.55,1.94,"Não","Sim","Não","Não","Não","Não","Não"
"109","Sul goiano",2.32767601498757,7.33,5.6,4.99,7.62,3.84,4.86,4.46,6.78,3.83,0.63,1.06,0.02,7.16,7.54,4.09,4.05,6.5,5.2,7.08,5.86,"Não","Sim","Não","Não","Não","Não","Sim"
"110","Sul goiano",2.13229550747273,7.16,7.71,4.49,1.93,1.47,5.81,6.41,1.4,3.44,2.79,0.05,0.05,7.26,6.44,3.82,1.95,6.1,5.4,7.35,3.13,"Não","Sim","Não","Não","Não","Não","Não"
"111","centro goiano",1.741400677286,6.82,8.03,3.93,0.33,1.37,4.76,0,1.17,4.2,0.08,0,0,9.19,10,4.53,0.43,5.4,5.5,7.35,1.31,"Não","Não","Não","Não","Não","Não","Não"
"112","Sul goiano",2.12094127258659,7.93,6.32,4.6,0.43,1.31,4.74,0,1.08,3.33,0.11,0,0,10,8.1,4.18,0.31,6.7,5.5,8.65,1.89,"Não","Sim","Não","Não","Não","Não","Não"
"113","norte goiano",2.40156370330637,7.32,7.7,6.16,0.6,1.18,6.21,0,4.42,4.89,0.24,0.02,0.03,9.52,8.32,3.94,2.33,6.3,5.4,8.01,1.32,"Não","Sim","Não","Não","Não","Não","Não"
"114","centro goiano",1.92795352665547,8.59,7.22,4.41,0.27,2.32,4.93,0,0.51,3.88,0.09,0.02,0.01,9.59,7.99,4.15,1.02,5.3,4.5,8.66,1.2,"Não","Sim","Não","Não","Não","Não","Não"
"115","centro goiano",2.021602939387,7.07,7.61,6.99,1.3,1.53,5.77,0,2.08,4.38,0.34,0.16,0.02,9.09,7.41,3.63,2.72,6.2,5.2,8.51,1.94,"Não","Sim","Não","Não","Não","Não","Não"
"116","Sul goiano",2.2826304784645,8.28,6.52,4.02,1.13,1.27,6.78,0,3.48,5.21,0.24,0,0.01,9.18,8.1,3.79,1.89,5.2,5.1,7.3,1.52,"Não","Sim","Não","Não","Não","Não","Não"
"117","centro goiano",2.20523409615487,8.15,7.65,4.06,0.48,1.15,5.96,0,2.54,4.52,0.15,0.01,0.01,8.23,8.64,4.14,0.68,5.8,4.9,3.21,1.58,"Não","Sim","Sim","Não","Não","Não","Não"
"118","norte goiano",2.28272286916637,7.83,6.21,5.99,1.26,1.18,4.04,0,2.03,2.52,0.14,0.23,0.01,9.7,5.91,4.4,0.33,4.4,4.5,3.54,1.37,"Não","Sim","Não","Não","Sim","Não","Não"
"119","Sul goiano",2.34548105991343,5.62,5.34,6.81,1.77,2.24,6.33,0,1.6,3.92,0.16,0.18,0.02,7.87,6.01,3.32,4.14,5.9,4.3,7.66,2.12,"Não","Sim","Não","Não","Não","Não","Não"
"120","Sul goiano",3.08390684713866,7.63,5.07,3.27,8.06,7.39,3.71,3.91,2.94,4.74,2.9,0.49,0.09,1.76,0,4.84,3.04,6.7,5.8,10,7.33,"Não","Sim","Não","Não","Não","Não","Não"
"121","leste goiano",2.00860709208545,5.83,6.01,5.64,0.52,0.94,5.97,0,1.54,1.39,0.42,0.07,0.03,9.54,6.53,4.05,1.12,5.8,4.7,7,1.85,"Não","Sim","Não","Não","Não","Não","Não"
"122","norte goiano",2.0305511319086,8.32,7.26,6.77,0.29,1.05,2.66,0.01,1.4,3.15,0.06,0,0,7.48,7.22,3.42,1.19,5.5,5.3,5.85,2.94,"Não","Sim","Não","Não","Não","Não","Não"
"123","centro goiano",2.03503678373897,9.22,8.95,4.21,0.72,2.25,5.48,0,1.58,4.09,0.15,0,0,10,6.5,3.76,2.18,6.9,6.4,10,0.92,"Não","Sim","Não","Não","Não","Não","Não"
"124","leste goiano",2.02626540556715,7.6,7.05,4,0.39,1.39,2.17,0.14,1.93,2.62,0.3,0.01,0.02,8.93,6.99,4.05,0.77,5.9,5,6.03,1.74,"Não","Sim","Não","Não","Não","Não","Não"
"125","Sul goiano",2.24091526596095,6.67,6.02,3.26,2.93,3.72,6.21,6.51,3.76,4.32,0.55,0.2,0.05,6.8,7.99,4.14,1.76,7.3,5.2,6.85,1.92,"Não","Sim","Não","Não","Não","Não","Não"
"126","Sul goiano",3.17805383034795,4.3,6.73,2.98,1.06,2.24,8.54,0,2.37,5.56,0.13,0.01,0.01,7.06,7.41,3.11,0.42,5.4,4.8,8.39,1.74,"Não","Não","Não","Não","Não","Não","Não"
"127","noroeste goiano",2.21639213179142,8.06,7.73,7.2,1.13,3,4.52,0,1.18,3.59,0.42,0.18,0.04,7.36,7.67,3.66,3.22,5.8,5.4,7.68,4.78,"Não","Sim","Não","Não","Não","Não","Não"
"128","Sul goiano",2.42513406894996,6.9,2.83,2.38,0.73,1.81,6.93,0,2,4.45,0.19,0,0,7.53,2.66,4.02,0.27,6.9,5.8,5.94,1.06,"Não","Sim","Não","Não","Não","Não","Não"
"129","Sul goiano",2.32243900365648,7.06,5.37,4.64,0.9,1.27,7.27,0,3.55,5.23,0.21,0,0,2.01,5.39,3.95,2.28,6.5,5.8,6.72,1.83,"Não","Sim","Não","Não","Não","Não","Não"
"130","leste goiano",2.13707065451647,9.5,7.57,6.86,0.11,0.89,6.54,0.02,0.69,3.65,0.05,0,0,10,9.42,4.12,0.7,5.2,4.9,10,0.18,"Não","Sim","Não","Não","Não","Não","Não"
"131","centro goiano",2.69445877389867,8.12,8.51,2.59,0.36,1.1,6.57,0,5.38,4.6,0.05,0,0,10,3.98,4.44,1.81,6.5,5.4,0,1.07,"Não","Sim","Não","Não","Não","Não","Não"
"132","Sul goiano",2.19455209526175,6.95,6.71,8.61,10,3,7.59,0,1.26,5.42,0.13,0.42,0,10,9.54,3.69,0.7,0,4.5,7.71,1.74,"Não","Sim","Não","Não","Não","Não","Não"
"133","noroeste goiano",1.62007116873547,7.94,7.63,5.89,0.86,1.23,4.77,0,1.62,3.19,0.19,0,0,10,8.46,4.67,0.53,6.8,5,10,1.87,"Não","Sim","Não","Não","Não","Não","Não"
"134","leste goiano",1.92050968319696,8.76,7.39,6.32,0.3,0.8,5.82,0,0.97,3.61,0.1,0.01,0,10,6.27,3.08,1.41,4.9,4.8,8.05,1.19,"Não","Sim","Não","Não","Não","Não","Não"
"135","Sul goiano",2.18692070219795,8.12,8.44,1.23,1.37,1.65,6.2,0,3.2,3.79,0.8,0.02,0.02,9.62,5.71,4.07,2.62,5.5,5.6,5.6,2.08,"Não","Sim","Não","Não","Não","Não","Não"
"136","Sul goiano",2.50197455830015,7.89,7.08,5.08,3.95,2.49,7.4,0,1.05,5.23,0.68,0.09,0.02,5.32,6.66,3.51,8.05,5.8,4.6,6.16,3.15,"Não","Sim","Não","Não","Não","Não","Não"
"137","Sul goiano",2.37360924691821,6.31,8.04,5.3,3.64,3.67,6.51,7.97,1.61,4.61,1.12,0.47,0.06,6.1,7.91,3.5,4.3,6.7,5.1,7.2,4.34,"Não","Sim","Não","Não","Não","Não","Não"
"138","norte goiano",2.45198517006271,8.54,5.85,4.63,0.4,1.19,7.01,0,3.7,4.99,0.07,0,0,10,6.52,3.9,0.39,6.1,5.3,1.33,1.7,"Não","Sim","Não","Não","Não","Não","Não"
"139","centro goiano",2.37429594054805,7.93,6.66,4.32,0.63,1.44,5.4,0,1.42,3.86,0.27,0,0.01,9.51,7.91,4.91,2.05,7.4,6,9.2,0.67,"Não","Sim","Não","Não","Não","Não","Não"
"140","centro goiano",2.39607450150238,8.29,6.47,8.23,0.34,0.91,4.97,0,3.22,3.24,0.29,0.01,0.02,8.15,6.88,4.01,2.19,7.5,5.3,6.97,1.01,"Não","Sim","Não","Não","Não","Não","Não"
"141","leste goiano",1.31002261864969,7.97,6.81,4.89,0.14,0.69,0,0,0.34,0.06,0.4,0.01,0.01,9.21,8.95,3.98,0.38,4.7,4,5.76,2.36,"Não","Sim","Não","Não","Não","Não","Não"
"142","norte goiano",2.51161076276247,8.23,5.21,5.19,0.39,0.97,6.96,0,2.96,4.35,0.14,0,0,9.36,4.08,4.59,1.61,7.4,5.7,4.74,1.48,"Não","Sim","Não","Não","Não","Não","Não"
"143","Sul goiano",1.64817874075053,7.06,7.68,5.03,1.94,1.97,3.41,0,0.51,1.45,0.6,0.01,0.01,9.21,6.87,4.66,1.49,5.1,5.2,8.7,1.79,"Não","Sim","Não","Não","Não","Não","Não"
"144","centro goiano",2.79422819128804,2.2,5.83,5.58,0.86,1.85,6.35,2.84,5.74,8.29,0.1,0.28,0.12,5.86,6.88,3.99,4.8,5.7,5,5.34,2.03,"Não","Sim","Não","Não","Não","Não","Não"
"145","centro goiano",2.50021331543326,5.42,5.12,5.52,0.51,1.66,7.18,0,2.77,5.83,0.16,0.03,0.02,4.62,8.4,3.55,1.23,5.9,5.5,6.02,1.8,"Não","Sim","Não","Não","Não","Não","Não"
"146","Sul goiano",2.09758262875049,8.29,8.2,1.19,1.86,1.48,4.17,0,0.85,4.17,0.65,0.04,0.01,9.47,8.08,3.58,2.15,5.9,4.6,10,1.86,"Não","Sim","Não","Não","Não","Não","Não"
"147","centro goiano",2.34199156137554,5.2,6.83,7.1,0.31,1.34,8.04,4.94,3.89,4.82,0.18,0.02,0.02,2.4,8.78,4.13,2.57,6.2,5.4,8.31,1.04,"Não","Sim","Não","Não","Não","Não","Não"
"148","centro goiano",2.0835077686011,8.98,5.42,6.24,0.43,1.46,6.34,0,0.44,4.36,0.07,0,0,10,7.79,3.96,0.36,5.5,5.9,7.8,1.83,"Não","Sim","Não","Não","Não","Não","Não"
"149","leste goiano",1.41548831764503,9.08,8.72,5.8,0.22,1.29,2.5,0,0.23,1.6,0.1,0,0,10,8.82,3.28,2.29,5.4,4.4,8.82,0.92,"Não","Sim","Sim","Não","Não","Não","Não"
"150","centro goiano",2.04466857492479,9.25,8.95,4.38,1.02,1.31,2.69,0.05,1.55,3.19,0.1,0.01,0,10,8.58,3.97,1.36,5.9,6.4,7.64,0.81,"Não","Sim","Não","Não","Não","Não","Não"
"151","centro goiano",1.89185334993419,7.97,6.71,3.67,0.33,1.22,6.03,0,1.46,3.86,0.11,0,0,10,5.03,3.62,0.83,6,5.4,7.4,0.27,"Não","Sim","Não","Não","Não","Não","Sim"
"152","centro goiano",2.47733694721782,4.28,7.41,3.88,2.05,3.03,3.79,0,4.64,5.35,0.49,0.22,0.12,6.35,8.02,3.99,4.13,5.1,4.5,8.32,2.01,"Não","Sim","Não","Não","Não","Não","Não"
"153","leste goiano",1.75622804084957,8.48,6.63,6.17,0.23,1.07,4.16,0,0.83,2.58,0.26,0.01,0.01,9.13,7.91,3.27,5.57,4.9,5,7.13,2.12,"Não","Sim","Sim","Não","Sim","Não","Não"
"154","Sul goiano",2.28786348116869,8.41,8.03,4.29,1.93,1.43,5.41,0,5.01,4.97,0.87,0.02,0.02,5.64,6.96,2.57,3.99,6.1,5.4,6.82,1.86,"Não","Sim","Não","Não","Não","Não","Não"
"155","centro goiano",1.61277681369962,8.99,8.44,7.64,0.77,1.52,5.01,0,0.78,3.58,0.21,0,0,10,8.34,4.35,0.11,7,5.8,10,1.35,"Não","Sim","Não","Não","Não","Não","Não"
"156","centro goiano",2.23804657185647,8.01,7.34,3.87,0.58,1.37,6.32,0,1.4,4.27,0.11,0,0,6.94,6.97,3.67,0.71,5.8,4.7,1.62,1.45,"Não","Sim","Não","Não","Não","Não","Não"
"157","centro goiano",2.62682476117962,7.28,6.88,6.97,0.36,1.37,7.89,0,1.36,5.93,0.09,0,0.01,10,7.3,3.53,1.71,6.6,5.4,8.97,0.92,"Não","Sim","Não","Não","Não","Não","Não"
"158","centro goiano",2.24972160343698,7.59,5.66,7.41,0.35,0.93,7.05,0,2.81,4.93,0.1,0,0.01,8.91,6.59,3.68,2.43,6.6,6,6.42,1,"Não","Sim","Não","Não","Não","Sim","Não"
"159","Sul goiano",2.59960679304196,7.69,5.95,2.88,0.94,2.36,6.22,0,4.16,4.1,0.33,0,0.01,3.31,8.2,3.56,3.09,5.9,5.1,10,1.25,"Não","Sim","Não","Não","Não","Não","Não"
"160","centro goiano",2.1467530033109,7.6,8.44,5.59,0.55,1.54,4.97,0,2.56,4.49,0.41,0.11,0.04,8.21,6,4.54,0.99,6,5.2,8.41,1.74,"Não","Sim","Não","Não","Sim","Não","Não"
"161","noroeste goiano",2.81392366881027,7.26,7.13,4.57,1.01,2.63,7.72,0,4.81,5.14,0.48,0.01,0.01,7.67,7.08,5.92,1.44,5,5.1,10,1.12,"Não","Sim","Não","Não","Não","Não","Não"
"162","centro goiano",2.35172779971706,7.65,5.97,8.65,0.5,1.62,6.48,7.13,2.92,4.72,0.59,0.04,0.06,7.65,5.65,2.72,3.77,6,5.3,7.8,0.63,"Não","Sim","Sim","Não","Sim","Não","Sim"
"163","Sul goiano",2.17170243338347,8.99,8.2,0.57,1.81,2.12,4.43,0,2.16,3.31,0.79,0.08,0.01,9.57,8.31,3.23,3.49,6.6,5.1,9.3,2.39,"Não","Sim","Não","Não","Não","Não","Não"
"164","centro goiano",2.2446790954166,7.76,8.69,4.82,0.48,1.46,5.83,6.31,2.85,3.58,0.12,0.03,0.02,9.01,8.58,1.99,3.92,7.6,5.2,9.46,1.03,"Não","Sim","Não","Não","Não","Não","Não"
"165","centro goiano",1.72878467006667,8.57,7.36,4.95,1.77,2,5.18,0,1.56,3.35,0.26,0.04,0,10,6.17,1.68,1.18,6.3,5.5,6.19,2.33,"Não","Sim","Não","Não","Não","Não","Não"
"166","centro goiano",2.32749598337353,8.12,8.63,5.49,0.54,1.67,7.61,0,2.17,4.82,0.12,0,0,8.02,8.04,4.05,0.61,6,5.9,10,0.96,"Não","Sim","Não","Não","Não","Não","Não"
"167","centro goiano",1.9748380692637,8.45,8.14,5.95,0.22,1.16,6.71,0,0.29,4.61,0.04,0,0,10,8.81,4.19,1.51,6.5,6.2,8.02,0.26,"Não","Sim","Não","Não","Não","Não","Não"
"168","Sul goiano",2.33444025923526,8.22,8.15,4.75,1.49,1.35,6.73,7.87,3.01,4.66,0.59,0.02,0.03,9.2,8.55,3.83,2.44,6.2,5.7,6.73,2.82,"Não","Não","Não","Não","Não","Não","Não"
"169","Sul goiano",2.56684003255069,7.61,4.94,5.4,1.32,2.62,9.44,9.72,4.86,5.38,0.1,0,0,10,6.02,4.1,1.1,7.3,5.7,6.7,2.72,"Não","Sim","Não","Não","Não","Não","Não"
"170","centro goiano",2.15899905418048,6.31,7.61,1.52,1.16,2.84,4.28,0,1.51,3.12,0.77,0.02,0.01,9.64,7.13,3.53,2.67,5.2,5.2,8.21,2.12,"Não","Sim","Não","Não","Não","Não","Não"
"171","Sul goiano",2.40996785403264,6.98,5.63,4.62,1.11,1.47,6.77,0,1.64,4.68,0.22,0,0,5.11,7.18,4.65,0.68,6,4.9,5.99,1.52,"Não","Sim","Não","Não","Não","Não","Não"
"172","leste goiano",2.04534209292041,9.19,7.03,6.5,0.14,0.79,4.32,0,0.37,2.83,0.02,0.01,0.01,10,8.21,4.47,1.03,5.1,4.9,8.22,1.34,"Não","Sim","Não","Não","Não","Não","Não"
"173","norte goiano",2.71730340658269,7.26,6.25,6.13,0.69,1.48,6.61,4.99,3.65,4.27,0.35,0.02,0.02,9.13,6.56,3.84,1.26,5.8,5.6,7.62,1.19,"Não","Sim","Não","Não","Não","Não","Não"
"174","Sul goiano",2.38923289971972,8.85,7.06,3.46,0.68,1.86,8.29,0,2.35,5.5,0.05,0,0,7.32,9.56,2.57,0.37,6.5,6.1,1.21,1.46,"Não","Sim","Não","Não","Não","Não","Não"
"175","noroeste goiano",2.21062687163543,9.09,7.53,2.88,1.01,1.87,3.46,0.02,1.23,3.51,0.31,0.01,0.01,8.68,7.38,3.72,1.95,5.2,5.1,7.83,1.86,"Não","Não","Não","Não","Não","Não","Não"
"176","Sul goiano",2.40994600939896,7.77,6.95,3.46,0.48,1.14,5.21,0,2.74,3.65,0.48,0.02,0.02,8.66,6.24,3,0.94,6.3,5.1,8.53,2.92,"Não","Sim","Não","Não","Não","Não","Não"
"177","leste goiano",1.78546354077124,8.59,9.02,2.69,0.55,2.13,3.44,4.22,0.18,2.28,0.15,0,0,10,9.64,4.02,1.62,4.8,3.7,6.39,1.73,"Não","Sim","Não","Não","Não","Não","Não"
"178","centro goiano",2.58035477014017,8.99,7.54,5.89,0.92,2.23,6.99,0,3.3,2.7,0.12,0,0,10,7.65,4.13,0.32,0,6.3,7.08,2,"Não","Sim","Não","Não","Não","Não","Não"
"179","norte goiano",1.69062214441454,8.74,7.57,5.54,0.16,0.74,2.33,0,0.49,1.35,0.22,0,0,7.89,8.26,4.11,0.53,4.6,4.3,6.53,0.81,"Não","Sim","Não","Não","Não","Não","Não"
"180","noroeste goiano",2.49897016635805,6.62,4.42,3.05,1.94,2.61,6.08,2.64,3.44,4.37,1.14,0.02,0.03,8.92,0.47,4.15,3.06,6,5.5,7.04,2.74,"Não","Sim","Não","Não","Não","Não","Não"
"181","Sul goiano",2.52238777454074,8,6.32,3.04,3.66,2.55,5.14,3.44,1.8,3.68,3.02,0.07,0.07,9.29,7.41,3.11,2.57,6.1,4.6,5.31,3.6,"Não","Sim","Não","Não","Não","Não","Não"
"182","norte goiano",1.59757671717664,9.08,8.26,3.81,0.46,1.02,2.44,0,2.03,0.96,0.18,0,0,10,8.23,3.96,0.1,5.4,5,4.5,1.8,"Não","Sim","Não","Não","Não","Não","Não"
"183","centro goiano",1.78128816936076,9.4,7.64,7.75,0.55,1.55,7.46,0,1.19,4.78,0.09,0,0,10,7.92,4.15,1.35,6,5.2,1.71,1.86,"Não","Sim","Não","Não","Não","Não","Não"
"184","centro goiano",2.23786167770785,7.42,5.8,6.94,0.64,1.87,3.77,0.05,2.48,4.51,0.25,0.01,0,8.74,7.3,3.79,2.78,7.1,6.1,4.83,0.72,"Não","Sim","Não","Não","Não","Não","Não"
"185","noroeste goiano",2.13503105978576,6.67,6.16,7.45,1.65,3.18,3.84,0,2.74,4.54,0.37,0.22,0.05,6.84,5.12,4.25,1.96,5.6,4.9,8.38,2.12,"Não","Sim","Não","Não","Não","Não","Sim"
"186","noroeste goiano",2.37985387378486,8.22,6.78,4.22,0.76,2.1,4.75,0,2.24,3.53,0.36,0.01,0.01,9.48,6.39,3.97,0.29,5.8,4.6,7.43,2.07,"Não","Sim","Não","Não","Não","Não","Sim"
"187","norte goiano",2.06396864637659,8.3,5.61,2.06,0.54,1.07,5.36,0,1.32,3.85,0.18,0,0,10,5.48,4.09,2.04,6.1,5.5,8.75,2.47,"Não","Sim","Não","Não","Não","Não","Não"
"188","centro goiano",2.23385369359644,6.82,6.6,4.47,0.83,2.05,7.57,0,3.1,4.12,0.19,0.06,0.02,9.33,6.89,3.49,2.03,6.1,4.3,7.78,2.41,"Não","Sim","Não","Não","Não","Não","Não"
"189","centro goiano",2.55080072185759,6.41,6.53,6.77,1.12,3.1,5.35,0,2.96,5.17,0.15,0.25,0.09,7.99,7.07,3.94,4.23,5.8,5.1,7.39,1.45,"Não","Sim","Não","Não","Não","Não","Não"
"190","Sul goiano",2.09992385196297,8.84,7.47,5.3,1.03,1.53,7.13,0,6.27,5.04,0.09,0.02,0,7.3,6.44,4.1,0.35,6.8,5.1,7.78,1.58,"Não","Sim","Não","Não","Não","Não","Não"
"191","noroeste goiano",2.29320301316076,7.56,5.44,2.52,1.54,2.74,5.17,0,2.47,3.35,1.48,0.02,0.03,8.84,5.17,4.91,2.43,5.1,4.4,6.56,2.89,"Não","Não","Não","Não","Não","Não","Não"
"192","centro goiano",1.96407411968298,7.83,6.03,7.68,0.47,0.87,5.1,0,2.6,5.15,0.32,0.01,0.01,8.95,4.14,4.26,0.39,6.2,4.9,6.57,0.85,"Não","Sim","Não","Não","Não","Não","Não"
"193","norte goiano",2.00471414006964,8.33,8.86,5.02,0.32,0.95,6.51,0,0.82,3.93,0.09,0,0,10,9.67,4.03,0.14,6.3,5.3,8.35,0.48,"Não","Sim","Não","Não","Não","Não","Não"
"194","norte goiano",1.7528135190934,9.67,8.81,0.47,0.41,0.95,4.24,0.02,0.67,3.11,0.13,0,0,10,6.58,4.11,1.29,5.2,4.6,7.16,1.92,"Não","Sim","Não","Não","Não","Não","Não"
"195","centro goiano",2.47143984094091,7.99,8.06,4.05,0.71,2.33,4.87,0,2.72,4.4,0.1,0.08,0.02,6.82,8.11,2.92,3.43,5.8,5.5,9.48,1.72,"Não","Sim","Não","Não","Não","Não","Não"
"196","centro goiano",2.42512394518696,8.83,7.03,4.42,0.74,2.09,7.85,0,2.3,4.61,0.2,0,0,9.09,8.8,3.79,1.8,6.2,5.1,8.5,0,"Não","Sim","Não","Não","Não","Não","Não"
"197","Sul goiano",2.12258965960299,7.37,7.82,5.07,1.6,2.48,4.49,0,3.66,3.18,1.52,0.06,0.05,8.46,7.01,3.97,1.49,6.6,5.6,6.84,1.4,"Não","Sim","Não","Não","Não","Não","Não"
"198","centro goiano",1.77012029412457,7.41,5.56,1.57,1.03,1.34,5.2,0,1.02,3.55,0.35,0.01,0,8.51,6.55,3.96,2.08,6.2,5.4,10,1.75,"Não","Sim","Não","Não","Não","Não","Não"
"199","Sul goiano",2.425388990253,7.4,8.16,9.09,6.27,3.76,7.56,0,3.57,6.28,0.11,0.54,0.04,2.93,8.44,3.5,5.79,6.9,5.3,7.68,10,"Não","Sim","Não","Não","Não","Não","Não"
"200","leste goiano",2.02569726567315,6.32,8.05,4.95,0.58,1.19,2.03,3.35,0.86,1.43,1.22,0.05,0.06,8.42,8.96,4.07,2.59,5,4.6,8.17,1.74,"Não","Sim","Não","Não","Não","Não","Não"
"201","Sul goiano",1.50582892981508,9.15,8.97,2.5,1.49,1.24,4.19,0,0.29,2.97,0.43,0.01,0,9.15,9.72,2.98,0.85,6,5,8.61,2.79,"Não","Sim","Não","Não","Não","Não","Não"
"202","Sul goiano",2.32217369637224,5.01,4.27,5.05,1.65,3.42,6.18,7.85,3.22,5.11,0.81,0.4,0.09,6.28,5.56,3.27,3.92,6.2,5,6.22,1.69,"Não","Sim","Não","Não","Não","Não","Não"
"203","Sul goiano",2.55867280002761,6.56,6.21,8.89,0.34,1.93,8.17,0,1.95,5.4,0.04,0,0,7.55,8.38,4.02,0.03,6.1,5.1,7.98,1.46,"Não","Sim","Não","Não","Não","Não","Não"
"204","Sul goiano",2.3557598554813,6.98,7.15,3.95,1.61,2.29,4.09,0.02,1.88,4.51,0.33,0.01,0,8.9,7.47,4.14,0.56,5.8,4.9,8.2,1.82,"Não","Não","Não","Não","Não","Não","Não"
"205","Sul goiano",2.03159789911444,8.8,7.9,2.24,0.77,1.27,4.98,6.64,6.43,4.75,0.55,0.01,0.02,9.1,6.93,2.88,3.22,7,5.7,9.01,1.74,"Não","Sim","Não","Não","Não","Não","Não"
"206","Sul goiano",2.64848876286101,6.95,6.06,2.06,4.62,3.86,6.53,7.76,2.15,4.33,3.06,0.23,0.06,8.67,2.39,4.16,3.43,6.1,4.9,6.95,2.07,"Não","Sim","Não","Não","Não","Não","Sim"
"207","centro goiano",2.26441936474181,8.16,7.23,4.38,0.37,1.02,4.33,0,1.99,2.98,0.23,0.01,0.02,9.72,7.49,4.06,4.02,6,4.4,6.3,0.77,"Não","Sim","Não","Não","Não","Não","Não"
"208","centro goiano",2.1740340303681,8.17,8.57,6.92,3.76,5.3,3.21,0,1.62,2.04,0.2,0.11,0.01,7.66,7.69,4.12,4.64,5.5,4.9,6.16,4.64,"Não","Sim","Não","Não","Não","Não","Não"
"209","leste goiano",2.33378177862737,4.72,7.19,8.91,0.24,0.98,7.07,3.87,3.9,5.22,0.56,0.13,0.14,7.55,8.31,2.65,2.52,5.2,4.2,5.43,2.33,"Não","Sim","Não","Não","Não","Não","Não"
"210","Sul goiano",2.17806154072382,8.6,8.32,0,3.1,2.63,5.86,0,4.07,4.1,0.59,0.02,0.03,8.53,7.33,4.11,0.95,5.1,5.4,10,3.24,"Não","Sim","Não","Não","Não","Não","Sim"
"211","Sul goiano",2.15740308314955,4.78,6.13,7.85,0.53,1.4,6.24,0,4.73,4.25,0.1,0,0,6.34,8.49,3.76,0.61,6.6,6.2,6.99,1.58,"Não","Sim","Sim","Não","Não","Não","Não"
"212","centro goiano",2.63065522635111,6.68,5.18,7.85,0.7,1.89,7.63,0,4.81,5.33,0.11,0.03,0.03,8.38,7.42,4.58,0.83,6.4,5.4,0.7,1.37,"Não","Sim","Não","Não","Não","Não","Não"
"213","centro goiano",2.11281273004423,6.77,6.34,5.58,0.8,1.69,7,0,2.84,4.47,0.06,0.02,0.01,8.15,6.34,4.94,0.82,6.8,5.7,4.94,2.1,"Não","Sim","Não","Não","Não","Não","Não"
"214","Sul goiano",2.68020617493104,4.79,6.64,5.12,4.31,10,3.77,0.85,4.25,10,0.07,0.03,0.06,8.55,8.8,3.47,6.64,5.4,5.1,7.62,2.04,"Não","Sim","Não","Não","Não","Não","Não"
"215","centro goiano",2.52977912499795,8.48,7.98,6.99,0.64,2.36,7.97,5.18,2.78,5,0.16,0.01,0.02,9.24,7.11,1.8,2.95,7,5.7,7.5,0.13,"Não","Sim","Não","Não","Não","Não","Não"
"216","centro goiano",2.89019785997381,6.98,6.47,6.33,0.52,1.91,6.17,0,3.02,4.85,0.11,0.03,0.01,2.53,7.54,3.72,2.17,6.9,5,5.4,1.18,"Não","Não","Não","Não","Não","Não","Não"
"217","noroeste goiano",2.0514644819441,8.37,7.4,1.51,2.26,4.67,5.87,0,4.53,4.03,0.28,0.11,0.02,9.44,7.78,3.27,2.43,6.7,4.9,9.08,3.06,"Não","Sim","Não","Não","Não","Não","Não"
"218","centro goiano",1.99611510667663,8.5,7.49,3.1,0.87,1.24,5.24,0,0.88,3.47,0.31,0,0,10,8.98,3.39,2.94,6.3,6,8.73,1.29,"Não","Sim","Não","Não","Não","Não","Não"
"219","centro goiano",1.81169717058139,8.52,7.84,2.02,0.93,2.42,1.57,0.09,1.67,0.78,0.29,0,0,10,9.71,4.13,0.65,7,5.7,10,1.74,"Não","Sim","Não","Não","Não","Não","Não"
"220","norte goiano",2.51013233856998,8.1,7.28,5.11,0.53,1.59,7.34,0,2.64,4.81,0.13,0,0,9.2,5.26,4.34,0.33,6.1,5.5,6.07,1.59,"Não","Sim","Não","Não","Não","Não","Não"
"221","norte goiano",2.24622795441796,8.7,5.77,2.35,0.41,0.94,3.55,0,1.86,4.22,0.19,0.01,0.02,9.08,6.96,3.72,2.21,5.9,5.4,9.49,0.8,"Não","Sim","Não","Não","Não","Não","Não"
"222","Sul goiano",2.35986479981734,8.01,7.11,1.76,2.11,3.13,4.99,0,3.44,3.55,0.41,0.1,0.01,8.75,7.94,3.54,1.83,6.4,5.1,6.93,4.13,"Não","Sim","Não","Não","Não","Não","Sim"
"223","leste goiano",2.20554068340324,8.21,6.55,5.15,0.31,0.64,2.57,0,0.47,1.52,0.24,0.04,0.01,8.58,6.87,4.3,2.95,5.4,5.3,4.16,1.72,"Não","Sim","Não","Não","Não","Não","Não"
"224","centro goiano",2.27556748567426,7.93,7.91,5.98,0.51,1.89,6.1,0,1.44,3.96,0.13,0.01,0.01,9.07,7.53,4.03,1.96,7,6,9.23,1.04,"Não","Sim","Não","Não","Não","Não","Não"
"225","Sul goiano",2.48376444520922,7.73,7.36,4.57,1.59,2.03,8.73,9.67,3.34,5.93,0.18,0,0,6.18,3.69,4.11,0.38,6.4,5,3.72,1.42,"Não","Sim","Não","Não","Não","Não","Não"
"226","norte goiano",2.1841501504871,7.42,6.74,3.13,1.11,1.45,3.34,0,1.42,2.2,1.06,0.02,0.02,6.92,7.97,3.41,1.29,4.7,4.9,8.44,1.74,"Não","Sim","Não","Não","Não","Não","Sim"
"227","centro goiano",2.21826403476532,7.06,6.61,8.83,0.75,1.44,3.43,0,1.1,4.51,0.2,0.01,0.01,9.41,7.87,2.8,2.16,6.3,4.9,9.03,1.66,"Não","Sim","Não","Não","Não","Não","Não"
"228","noroeste goiano",2.10479461992248,6.87,5.92,4.12,1.07,1.64,4.78,2.3,2.82,4.45,1.02,0.04,0.08,8.82,6.37,2.92,3.59,6.4,5.3,4.41,2.51,"Não","Sim","Não","Não","Não","Não","Sim"
"229","centro goiano",1.57921736979122,8.63,9.18,1.1,0.69,7.96,4.83,0,1.01,3.33,0.11,0,0,10,7.63,3.42,1.93,6.4,5.6,7.64,5.13,"Não","Sim","Não","Não","Não","Não","Não"
"230","centro goiano",2.30265182119897,3.71,6.69,5.83,1.82,2.3,3.33,0.06,6.36,5.96,0.07,1.73,0.47,7.33,8.82,3.2,3.79,5.6,4.2,7.34,2.09,"Não","Sim","Sim","Não","Sim","Não","Sim"
"231","Sul goiano",2.17271894576782,7.87,6.79,2.51,3.17,3.5,5.65,0,1.93,3.71,1.44,0.14,0.03,7.85,4.09,4.08,3.51,5.5,6,6.47,2.95,"Não","Sim","Não","Não","Não","Não","Não"
"232","leste goiano",2.2056951340302,8.11,4.87,8.19,0.41,1.14,5.14,0,1.11,3.32,0.06,0.01,0.01,7.41,4.3,3.72,2.27,5,5,9.29,1.12,"Não","Sim","Não","Não","Não","Não","Não"
"233","leste goiano",1.07239644653722,9.34,7.98,4.03,0.34,1.23,1.67,0,0.08,0.89,0.12,0,0,10,9.67,4.02,1.53,5.5,5.3,6.74,0.81,"Não","Sim","Não","Não","Não","Não","Não"
"234","centro goiano",2.5552874465498,6.61,7.33,5.39,0.58,2.18,8.06,0,3.36,5.84,0.13,0.01,0,10,7.03,3.32,2.11,6,5.6,7.31,0.42,"Não","Sim","Não","Não","Não","Não","Não"
"235","norte goiano",1.97445318828905,7.51,6.54,5.64,0.1,1.23,4.2,0,1.71,2.36,0.02,0,0,10,7.95,4.07,0.32,4.8,5,5.63,0.62,"Não","Sim","Não","Não","Não","Não","Não"
"236","centro goiano",2.38152399241743,3.63,4.17,7.54,1.2,1.81,5.39,5.49,3.63,4.73,0.05,0.05,0.03,6.87,8.06,3.57,1.32,5.4,4.5,4.85,1.79,"Não","Sim","Não","Não","Não","Não","Não"
"237","norte goiano",1.7900536079639,8.65,7.9,3.88,0.37,1.28,2.83,0,3,3.08,0.13,0,0,9.17,9.45,4.27,0.34,5.4,5.2,8.63,0.19,"Não","Sim","Não","Não","Não","Não","Não"
"238","Sul goiano",2.51309689740235,8.28,7.59,0.46,5.26,7.45,5.21,0,1.2,3.67,1.05,0.27,0.02,10,6.1,4.43,2.22,5.7,4.8,7.08,4.76,"Não","Sim","Não","Não","Não","Não","Não"
"239","noroeste goiano",1.91071407698304,9.33,9.51,5.86,0.52,1.38,4.95,0,1.42,2.22,0.14,0,0,10,9.34,2.02,0.18,5.3,4.8,8.35,2.14,"Não","Sim","Não","Não","Não","Não","Não"
"240","centro goiano",2.0100223489884,7.17,7.58,3.9,0.49,0.65,6.32,0.28,1.78,4.59,0.42,0.01,0.03,8.74,7.79,1.76,2.38,6.5,5.6,7.94,1.65,"Não","Sim","Não","Não","Não","Não","Sim"
"241","Sul goiano",2.34041283738501,6.19,5.4,7.7,1.36,3.98,8.17,0,4.82,5.62,0.36,0,0,8.11,1.29,4.08,1.7,6.5,5.3,8.45,3.02,"Não","Sim","Não","Não","Não","Não","Não"
"242","Sul goiano",1.95714418639007,7.17,6.67,1.8,0.54,1.44,5.26,0,1.36,3.76,0.17,0,0,9.23,8.47,3.47,2.16,5.3,5,6.2,1.72,"Não","Sim","Não","Não","Não","Não","Não"
"243","Sul goiano",2.30912819158298,8.22,7.72,2.18,2.42,3.28,4.38,0.01,1.57,4.26,1.16,0.06,0.03,8.22,9.41,3.28,3.19,6.7,5.8,10,4.39,"Não","Sim","Não","Não","Não","Não","Não"
"244","leste goiano",1.86745679306232,7.67,5.84,0.07,1.14,2,3.97,0,0.96,2.26,0.38,0.02,0.01,8.43,7.07,4.09,1.89,5,4.1,8.28,1.18,"Não","Sim","Não","Não","Não","Não","Não"
